phone_number,synthesis_time,time_marks
97446269,1.0197701454162598,"{""name"": 0.6588749885559082, ""amount_in_words"": 6.709417343139648, ""business_name"": 10.881333351135254}"
